file: input.txt;;;;;;;;;;
Bytes read: 872699;;;;;;;;;;
============;;;;;;;;;;
;;;;;;;;;;
0;;0.000;;;;;;0.000;76;Running Hash JENKINS
1;;0.007;;;;;;0.005;69;
2;;0.014;;;;;;0.010;65;
3;;0.021;;;;;;0.015;71;
4;;0.028;;;;;;0.020;74;
5;;0.035;;;;;;0.025;80;
6;;0.042;;;;;;0.030;84;
7;;0.049;;;;;;0.035;78;
8;;0.056;;;;;;0.040;92;
9;;0.063;;;;;;0.045;76;
10;;0.070;;;;;;0.050;84;
11;;0.077;;;;;;0.055;70;
12;;0.084;;;;;;0.060;83;
13;;0.091;;;;;;0.065;79;
14;;0.098;;;;;;0.070;72;
15;;0.105;;;;;;0.075;84;
16;;0.112;;;;;;0.080;77;
17;;0.119;;;;;;0.085;77;
18;;0.126;;;;;;0.090;80;
19;;0.133;;;;;;0.095;79;
20;;0.140;;;;;;0.100;85;
21;;0.147;;;;;;0.105;90;
22;;0.154;;;;;;0.110;83;
23;;0.161;;;;;;0.115;76;
24;;0.168;;;;;;0.120;77;
25;;0.175;;;;;;0.125;88;
26;;0.182;;;;;;0.130;88;
27;;0.189;;;;;;0.135;84;
28;;0.196;;;;;;0.140;60;
29;;0.203;;;;;;0.145;72;
30;;0.210;;;;;;0.150;87;
31;;0.217;;;;;;0.155;82;
32;;0.224;;;;;;0.160;81;
33;;0.231;;;;;;0.165;66;
34;;0.238;;;;;;0.170;92;
35;;0.245;;;;;;0.175;79;
36;;0.252;;;;;;0.180;73;
37;;0.259;;;;;;0.185;86;
38;;0.266;;;;;;0.190;72;
39;;0.273;;;;;;0.195;79;
40;;0.280;;;;;;0.200;80;
41;;0.287;;;;;;0.205;68;
42;;0.294;;;;;;0.210;76;
43;;0.301;;;;;;0.215;81;
44;;0.308;;;;;;0.220;83;
45;;0.315;;;;;;0.225;77;
46;;0.322;;;;;;0.230;83;
47;;0.329;;;;;;0.235;74;
48;;0.336;;;;;;0.240;83;
49;;0.343;;;;;;0.245;83;
50;;0.350;;;;;;0.250;76;
51;;0.357;;;;;;0.255;87;
52;;0.364;;;;;;0.260;77;
53;;0.371;;;;;;0.265;82;
54;;0.378;;;;;;0.270;84;
55;;0.385;;;;;;0.275;83;
56;;0.392;;;;;;0.280;78;
57;;0.399;;;;;;0.285;79;
58;;0.406;;;;;;0.290;77;
59;;0.413;;;;;;0.295;65;
60;;0.420;;;;;;0.300;78;
61;;0.427;;;;;;0.305;77;
62;;0.434;;;;;;0.310;70;
63;;0.441;;;;;;0.315;74;
64;;0.448;;;;;;0.320;96;
65;;0.455;;;;;;0.325;77;
66;;0.462;;;;;;0.330;76;
67;;0.469;;;;;;0.335;60;
68;;0.476;;;;;;0.340;88;
69;;0.483;;;;;;0.345;89;
70;;0.490;;;;;;0.350;70;
71;;0.497;;;;;;0.355;81;
72;;0.504;;;;;;0.360;80;
73;;0.511;;;;;;0.365;77;
74;;0.518;;;;;;0.370;89;
75;;0.525;;;;;;0.375;83;
76;;0.532;;;;;;0.380;67;
77;;0.539;;;;;;0.385;64;
78;;0.546;;;;;;0.390;60;
79;;0.553;;;;;;0.395;68;
80;;0.560;;;;;;0.400;77;
81;;0.567;;;;;;0.405;69;
82;;0.574;;;;;;0.410;74;
83;;0.581;;;;;;0.415;69;
84;;0.588;;;;;;0.420;82;
85;;0.595;;;;;;0.425;75;
86;;0.602;;;;;;0.430;81;
87;;0.609;;;;;;0.435;72;
88;;0.616;;;;;;0.440;81;
89;;0.623;;;;;;0.445;76;
90;;0.630;;;;;;0.450;93;
91;;0.637;;;;;;0.455;78;
92;;0.644;;;;;;0.460;65;
93;;0.651;;;;;;0.465;86;
94;;0.658;;;;;;0.470;66;
95;;0.665;;;;;;0.475;77;
96;;0.672;;;;;;0.480;80;
97;;0.679;;;;;;0.485;82;
98;;0.686;;;;;;0.490;74;
99;;0.693;;;;;;0.495;63;
100;;0.700;;;;;;0.500;84;
101;;0.707;;;;;;0.505;89;
102;;0.714;;;;;;0.510;99;
103;;0.721;;;;;;0.515;76;
104;;0.728;;;;;;0.520;88;
105;;0.735;;;;;;0.525;72;
106;;0.742;;;;;;0.530;69;
107;;0.749;;;;;;0.535;95;
108;;0.756;;;;;;0.540;68;
109;;0.763;;;;;;0.545;77;
110;;0.770;;;;;;0.550;97;
111;;0.777;;;;;;0.555;82;
112;;0.784;;;;;;0.560;83;
113;;0.791;;;;;;0.565;74;
114;;0.798;;;;;;0.570;72;
115;;0.805;;;;;;0.575;79;
116;;0.812;;;;;;0.580;66;
117;;0.819;;;;;;0.585;90;
118;;0.826;;;;;;0.590;85;
119;;0.833;;;;;;0.595;81;
120;;0.840;;;;;;0.600;78;
121;;0.847;;;;;;0.605;61;
122;;0.854;;;;;;0.610;70;
123;;0.861;;;;;;0.615;84;
124;;0.868;;;;;;0.620;92;
125;;0.875;;;;;;0.625;94;
126;;0.882;;;;;;0.630;54;
127;;0.889;;;;;;0.635;71;
;;;;;;;;1.000;86;Running Hash XX_HASH
============;;;;;;;;1.005;81;
;;;;;;;;1.010;70;
bucket 0;;;;;;;;1.015;76;
bucket 1;;;;;;;;1.020;88;
bucket 2;;;;;;;;1.025;69;
bucket 3;;;;;;;;1.030;85;
bucket 4;;;;;;;;1.035;91;
bucket 5;;;;;;;;1.040;74;
bucket 6;;;;;;;;1.045;66;
bucket 7;;;;;;;;1.050;76;
bucket 8;;;;;;;;1.055;79;
bucket 9;;;;;;;;1.060;76;
bucket 10;;;;;;;;1.065;81;
bucket 11;;;;;;;;1.070;80;
bucket 12;;;;;;;;1.075;81;
bucket 13;;;;;;;;1.080;85;
bucket 14;;;;;;;;1.085;76;
bucket 15;;;;;;;;1.090;83;
bucket 16;;;;;;;;1.095;83;
bucket 17;;;;;;;;1.100;79;
bucket 18;;;;;;;;1.105;76;
bucket 19;;;;;;;;1.110;65;
bucket 20;;;;;;;;1.115;77;
bucket 21;;;;;;;;1.120;81;
bucket 22;;;;;;;;1.125;99;
bucket 23;;;;;;;;1.130;81;
bucket 24;;;;;;;;1.135;53;
bucket 25;;;;;;;;1.140;71;
bucket 26;;;;;;;;1.145;76;
bucket 27;;;;;;;;1.150;94;
bucket 28;;;;;;;;1.155;86;
bucket 29;;;;;;;;1.160;75;
bucket 30;;;;;;;;1.165;72;
bucket 31;;;;;;;;1.170;75;
bucket 32;;;;;;;;1.175;80;
bucket 33;;;;;;;;1.180;91;
bucket 34;;;;;;;;1.185;84;
bucket 35;;;;;;;;1.190;77;
bucket 36;;;;;;;;1.195;62;
bucket 37;;;;;;;;1.200;67;
bucket 38;;;;;;;;1.205;75;
bucket 39;;;;;;;;1.210;99;
bucket 40;;;;;;;;1.215;86;
bucket 41;;;;;;;;1.220;73;
bucket 42;;;;;;;;1.225;80;
bucket 43;;;;;;;;1.230;78;
bucket 44;;;;;;;;1.235;88;
bucket 45;;;;;;;;1.240;89;
bucket 46;;;;;;;;1.245;79;
bucket 47;;;;;;;;1.250;82;
bucket 48;;;;;;;;1.255;69;
bucket 49;;;;;;;;1.260;82;
bucket 50;;;;;;;;1.265;87;
bucket 51;;;;;;;;1.270;84;
bucket 52;;;;;;;;1.275;74;
bucket 53;;;;;;;;1.280;77;
bucket 54;;;;;;;;1.285;92;
bucket 55;;;;;;;;1.290;89;
bucket 56;;;;;;;;1.295;61;
bucket 57;;;;;;;;1.300;75;
bucket 58;;;;;;;;1.305;71;
bucket 59;;;;;;;;1.310;77;
bucket 60;;;;;;;;1.315;69;
bucket 61;;;;;;;;1.320;63;
bucket 62;;;;;;;;1.325;60;
bucket 63;;;;;;;;1.330;69;
bucket 64;;;;;;;;1.335;98;
bucket 65;;;;;;;;1.340;70;
bucket 66;;;;;;;;1.345;80;
bucket 67;;;;;;;;1.350;75;
bucket 68;;;;;;;;1.355;81;
bucket 69;;;;;;;;1.360;87;
bucket 70;;;;;;;;1.365;81;
bucket 71;;;;;;;;1.370;71;
bucket 72;;;;;;;;1.375;74;
bucket 73;;;;;;;;1.380;87;
bucket 74;;;;;;;;1.385;65;
bucket 75;;;;;;;;1.390;76;
bucket 76;;;;;;;;1.395;83;
bucket 77;;;;;;;;1.400;59;
bucket 78;;;;;;;;1.405;75;
bucket 79;;;;;;;;1.410;78;
bucket 80;;;;;;;;1.415;79;
bucket 81;;;;;;;;1.420;81;
bucket 82;;;;;;;;1.425;68;
bucket 83;;;;;;;;1.430;82;
bucket 84;;;;;;;;1.435;73;
bucket 85;;;;;;;;1.440;66;
bucket 86;;;;;;;;1.445;64;
bucket 87;;;;;;;;1.450;63;
bucket 88;;;;;;;;1.455;77;
bucket 89;;;;;;;;1.460;78;
bucket 90;;;;;;;;1.465;97;
bucket 91;;;;;;;;1.470;98;
bucket 92;;;;;;;;1.475;74;
bucket 93;;;;;;;;1.480;78;
bucket 94;;;;;;;;1.485;73;
bucket 95;;;;;;;;1.490;71;
bucket 96;;;;;;;;1.495;74;
bucket 97;;;;;;;;1.500;81;
bucket 98;;;;;;;;1.505;75;
bucket 99;;;;;;;;1.510;86;
bucket 100;;;;;;;;1.515;87;
bucket 101;;;;;;;;1.520;79;
bucket 102;;;;;;;;1.525;61;
bucket 103;;;;;;;;1.530;84;
bucket 104;;;;;;;;1.535;84;
bucket 105;;;;;;;;1.540;79;
bucket 106;;;;;;;;1.545;86;
bucket 107;;;;;;;;1.550;74;
bucket 108;;;;;;;;1.555;85;
bucket 109;;;;;;;;1.560;85;
bucket 110;;;;;;;;1.565;80;
bucket 111;;;;;;;;1.570;65;
bucket 112;;;;;;;;1.575;102;
bucket 113;;;;;;;;1.580;88;
bucket 114;;;;;;;;1.585;76;
bucket 115;;;;;;;;1.590;73;
bucket 116;;;;;;;;1.595;75;
bucket 117;;;;;;;;1.600;82;
bucket 118;;;;;;;;1.605;86;
bucket 119;;;;;;;;1.610;73;
bucket 120;;;;;;;;1.615;66;
bucket 121;;;;;;;;1.620;78;
bucket 122;;;;;;;;1.625;64;
bucket 123;;;;;;;;1.630;95;
bucket 124;;;;;;;;1.635;80;
bucket 125;;2.000;;;;;;2.000;103;Running Hash MURMUR
bucket 126;;2.007;;;;;;2.005;69;
bucket 127;;2.014;;;;;;2.010;84;
10000;;2.021;;;;;;2.015;87;
============;;2.028;;;;;;2.020;66;
;;2.035;;;;;;2.025;80;
bucket 0;;2.042;;;;;;2.030;85;
bucket 1;;2.049;;;;;;2.035;89;
bucket 2;;2.056;;;;;;2.040;74;
bucket 3;;2.063;;;;;;2.045;85;
bucket 4;;2.070;;;;;;2.050;99;
bucket 5;;2.077;;;;;;2.055;70;
bucket 6;;2.084;;;;;;2.060;76;
bucket 7;;2.091;;;;;;2.065;87;
bucket 8;;2.098;;;;;;2.070;79;
bucket 9;;2.105;;;;;;2.075;87;
bucket 10;;2.112;;;;;;2.080;98;
bucket 11;;2.119;;;;;;2.085;80;
bucket 12;;2.126;;;;;;2.090;75;
bucket 13;;2.133;;;;;;2.095;61;
bucket 14;;2.140;;;;;;2.100;84;
bucket 15;;2.147;;;;;;2.105;82;
bucket 16;;2.154;;;;;;2.110;65;
bucket 17;;2.161;;;;;;2.115;82;
bucket 18;;2.168;;;;;;2.120;84;
bucket 19;;2.175;;;;;;2.125;79;
bucket 20;;2.182;;;;;;2.130;76;
bucket 21;;2.189;;;;;;2.135;69;
bucket 22;;2.196;;;;;;2.140;65;
bucket 23;;2.203;;;;;;2.145;85;
bucket 24;;2.210;;;;;;2.150;85;
bucket 25;;2.217;;;;;;2.155;89;
bucket 26;;2.224;;;;;;2.160;84;
bucket 27;;2.231;;;;;;2.165;70;
bucket 28;;2.238;;;;;;2.170;70;
bucket 29;;2.245;;;;;;2.175;86;
bucket 30;;2.252;;;;;;2.180;81;
bucket 31;;2.259;;;;;;2.185;71;
bucket 32;;2.266;;;;;;2.190;64;
bucket 33;;2.273;;;;;;2.195;76;
bucket 34;;2.280;;;;;;2.200;76;
bucket 35;;2.287;;;;;;2.205;73;
bucket 36;;2.294;;;;;;2.210;78;
bucket 37;;2.301;;;;;;2.215;73;
bucket 38;;2.308;;;;;;2.220;69;
bucket 39;;2.315;;;;;;2.225;77;
bucket 40;;2.322;;;;;;2.230;88;
bucket 41;;2.329;;;;;;2.235;70;
bucket 42;;2.336;;;;;;2.240;61;
bucket 43;;2.343;;;;;;2.245;73;
bucket 44;;2.350;;;;;;2.250;77;
bucket 45;;2.357;;;;;;2.255;62;
bucket 46;;2.364;;;;;;2.260;84;
bucket 47;;2.371;;;;;;2.265;70;
bucket 48;;2.378;;;;;;2.270;68;
bucket 49;;2.385;;;;;;2.275;78;
bucket 50;;2.392;;;;;;2.280;72;
bucket 51;;2.399;;;;;;2.285;78;
bucket 52;;2.406;;;;;;2.290;90;
bucket 53;;2.413;;;;;;2.295;92;
bucket 54;;2.420;;;;;;2.300;81;
bucket 55;;2.427;;;;;;2.305;90;
bucket 56;;2.434;;;;;;2.310;87;
bucket 57;;2.441;;;;;;2.315;104;
bucket 58;;2.448;;;;;;2.320;73;
bucket 59;;2.455;;;;;;2.325;60;
bucket 60;;2.462;;;;;;2.330;68;
bucket 61;;2.469;;;;;;2.335;93;
bucket 62;;2.476;;;;;;2.340;78;
bucket 63;;2.483;;;;;;2.345;82;
bucket 64;;2.490;;;;;;2.350;99;
bucket 65;;2.497;;;;;;2.355;60;
bucket 66;;2.504;;;;;;2.360;55;
bucket 67;;2.511;;;;;;2.365;70;
bucket 68;;2.518;;;;;;2.370;75;
bucket 69;;2.525;;;;;;2.375;84;
bucket 70;;2.532;;;;;;2.380;74;
bucket 71;;2.539;;;;;;2.385;75;
bucket 72;;2.546;;;;;;2.390;89;
bucket 73;;2.553;;;;;;2.395;73;
bucket 74;;2.560;;;;;;2.400;69;
bucket 75;;2.567;;;;;;2.405;72;
bucket 76;;2.574;;;;;;2.410;60;
bucket 77;;2.581;;;;;;2.415;79;
bucket 78;;2.588;;;;;;2.420;67;
bucket 79;;2.595;;;;;;2.425;80;
bucket 80;;2.602;;;;;;2.430;82;
bucket 81;;2.609;;;;;;2.435;88;
bucket 82;;2.616;;;;;;2.440;85;
bucket 83;;2.623;;;;;;2.445;90;
bucket 84;;2.630;;;;;;2.450;73;
bucket 85;;2.637;;;;;;2.455;82;
bucket 86;;2.644;;;;;;2.460;95;
bucket 87;;2.651;;;;;;2.465;70;
bucket 88;;2.658;;;;;;2.470;83;
bucket 89;;2.665;;;;;;2.475;80;
bucket 90;;2.672;;;;;;2.480;92;
bucket 91;;2.679;;;;;;2.485;80;
bucket 92;;2.686;;;;;;2.490;81;
bucket 93;;2.693;;;;;;2.495;73;
bucket 94;;2.700;;;;;;2.500;73;
bucket 95;;2.707;;;;;;2.505;93;
bucket 96;;2.714;;;;;;2.510;69;
bucket 97;;2.721;;;;;;2.515;80;
bucket 98;;2.728;;;;;;2.520;75;
bucket 99;;2.735;;;;;;2.525;89;
bucket 100;;2.742;;;;;;2.530;81;
bucket 101;;2.749;;;;;;2.535;85;
bucket 102;;2.756;;;;;;2.540;67;
bucket 103;;2.763;;;;;;2.545;65;
bucket 104;;2.770;;;;;;2.550;76;
bucket 105;;2.777;;;;;;2.555;78;
bucket 106;;2.784;;;;;;2.560;64;
bucket 107;;2.791;;;;;;2.565;91;
bucket 108;;2.798;;;;;;2.570;83;
bucket 109;;2.805;;;;;;2.575;89;
bucket 110;;2.812;;;;;;2.580;80;
bucket 111;;2.819;;;;;;2.585;68;
bucket 112;;2.826;;;;;;2.590;81;
bucket 113;;2.833;;;;;;2.595;67;
bucket 114;;2.840;;;;;;2.600;53;
bucket 115;;2.847;;;;;;2.605;79;
bucket 116;;2.854;;;;;;2.610;78;
bucket 117;;2.861;;;;;;2.615;81;
bucket 118;;2.868;;;;;;2.620;90;
bucket 119;;2.875;;;;;;2.625;64;
bucket 120;;2.882;;;;;;2.630;80;
bucket 121;;2.889;;;;;;2.635;80;
bucket 122;;;;;;;;3.000;73;Running Hash HASH_CODE
bucket 123;;;;;;;;3.005;83;
bucket 124;;;;;;;;3.010;77;
bucket 125;;;;;;;;3.015;69;
bucket 126;;;;;;;;3.020;74;
bucket 127;;;;;;;;3.025;67;
10000;;;;;;;;3.030;71;
============;;;;;;;;3.035;74;
;;;;;;;;3.040;69;
bucket 0;;;;;;;;3.045;77;
bucket 1;;;;;;;;3.050;69;
bucket 2;;;;;;;;3.055;84;
bucket 3;;;;;;;;3.060;64;
bucket 4;;;;;;;;3.065;78;
bucket 5;;;;;;;;3.070;66;
bucket 6;;;;;;;;3.075;72;
bucket 7;;;;;;;;3.080;67;
bucket 8;;;;;;;;3.085;74;
bucket 9;;;;;;;;3.090;69;
bucket 10;;;;;;;;3.095;89;
bucket 11;;;;;;;;3.100;65;
bucket 12;;;;;;;;3.105;85;
bucket 13;;;;;;;;3.110;82;
bucket 14;;;;;;;;3.115;85;
bucket 15;;;;;;;;3.120;76;
bucket 16;;;;;;;;3.125;68;
bucket 17;;;;;;;;3.130;90;
bucket 18;;;;;;;;3.135;95;
bucket 19;;;;;;;;3.140;77;
bucket 20;;;;;;;;3.145;73;
bucket 21;;;;;;;;3.150;91;
bucket 22;;;;;;;;3.155;82;
bucket 23;;;;;;;;3.160;84;
bucket 24;;;;;;;;3.165;97;
bucket 25;;;;;;;;3.170;80;
bucket 26;;;;;;;;3.175;69;
bucket 27;;;;;;;;3.180;60;
bucket 28;;;;;;;;3.185;86;
bucket 29;;;;;;;;3.190;86;
bucket 30;;;;;;;;3.195;86;
bucket 31;;;;;;;;3.200;72;
bucket 32;;;;;;;;3.205;63;
bucket 33;;;;;;;;3.210;76;
bucket 34;;;;;;;;3.215;74;
bucket 35;;;;;;;;3.220;63;
bucket 36;;;;;;;;3.225;67;
bucket 37;;;;;;;;3.230;91;
bucket 38;;;;;;;;3.235;73;
bucket 39;;;;;;;;3.240;63;
bucket 40;;;;;;;;3.245;81;
bucket 41;;;;;;;;3.250;81;
bucket 42;;;;;;;;3.255;70;
bucket 43;;;;;;;;3.260;64;
bucket 44;;;;;;;;3.265;65;
bucket 45;;;;;;;;3.270;73;
bucket 46;;;;;;;;3.275;78;
bucket 47;;;;;;;;3.280;62;
bucket 48;;;;;;;;3.285;88;
bucket 49;;;;;;;;3.290;89;
bucket 50;;;;;;;;3.295;88;
bucket 51;;;;;;;;3.300;93;
bucket 52;;;;;;;;3.305;101;
bucket 53;;;;;;;;3.310;86;
bucket 54;;;;;;;;3.315;80;
bucket 55;;;;;;;;3.320;86;
bucket 56;;;;;;;;3.325;82;
bucket 57;;;;;;;;3.330;82;
bucket 58;;;;;;;;3.335;90;
bucket 59;;;;;;;;3.340;80;
bucket 60;;;;;;;;3.345;76;
bucket 61;;;;;;;;3.350;80;
bucket 62;;;;;;;;3.355;73;
bucket 63;;;;;;;;3.360;82;
bucket 64;;;;;;;;3.365;76;
bucket 65;;;;;;;;3.370;58;
bucket 66;;;;;;;;3.375;80;
bucket 67;;;;;;;;3.380;81;
bucket 68;;;;;;;;3.385;79;
bucket 69;;;;;;;;3.390;58;
bucket 70;;;;;;;;3.395;84;
bucket 71;;;;;;;;3.400;74;
bucket 72;;;;;;;;3.405;78;
bucket 73;;;;;;;;3.410;71;
bucket 74;;;;;;;;3.415;71;
bucket 75;;;;;;;;3.420;77;
bucket 76;;;;;;;;3.425;69;
bucket 77;;;;;;;;3.430;80;
bucket 78;;;;;;;;3.435;79;
bucket 79;;;;;;;;3.440;73;
bucket 80;;;;;;;;3.445;78;
bucket 81;;;;;;;;3.450;83;
bucket 82;;;;;;;;3.455;90;
bucket 83;;;;;;;;3.460;86;
bucket 84;;;;;;;;3.465;99;
bucket 85;;;;;;;;3.470;73;
bucket 86;;;;;;;;3.475;75;
bucket 87;;;;;;;;3.480;78;
bucket 88;;;;;;;;3.485;88;
bucket 89;;;;;;;;3.490;69;
bucket 90;;;;;;;;3.495;86;
bucket 91;;;;;;;;3.500;93;
bucket 92;;;;;;;;3.505;85;
bucket 93;;;;;;;;3.510;95;
bucket 94;;;;;;;;3.515;75;
bucket 95;;;;;;;;3.520;80;
bucket 96;;;;;;;;3.525;74;
bucket 97;;;;;;;;3.530;73;
bucket 98;;;;;;;;3.535;78;
bucket 99;;;;;;;;3.540;67;
bucket 100;;;;;;;;3.545;82;
bucket 101;;;;;;;;3.550;65;
bucket 102;;;;;;;;3.555;88;
bucket 103;;;;;;;;3.560;83;
bucket 104;;;;;;;;3.565;74;
bucket 105;;;;;;;;3.570;78;
bucket 106;;;;;;;;3.575;98;
bucket 107;;;;;;;;3.580;76;
bucket 108;;;;;;;;3.585;82;
bucket 109;;;;;;;;3.590;72;
bucket 110;;;;;;;;3.595;78;
bucket 111;;;;;;;;3.600;73;
bucket 112;;;;;;;;3.605;84;
bucket 113;;;;;;;;3.610;74;
bucket 114;;;;;;;;3.615;98;
bucket 115;;;;;;;;3.620;71;
bucket 116;;;;;;;;3.625;100;
bucket 117;;;;;;;;3.630;76;
bucket 118;;;;;;;;3.635;80;
bucket 119;;;;;;;;4.000;104;Running Hash BLAKE_2S
bucket 120;;;;;;;;4.005;84;
bucket 121;;;;;;;;4.010;85;
bucket 122;;;;;;;;4.015;70;
bucket 123;;;;;;;;4.020;80;
bucket 124;;;;;;;;4.025;73;
bucket 125;;;;;;;;4.030;74;
bucket 126;;;;;;;;4.035;74;
bucket 127;;;;;;;;4.040;89;
10000;;;;;;;;4.045;78;
============;;;;;;;;4.050;74;
;;;;;;;;4.055;85;
bucket 0;;;;;;;;4.060;70;
bucket 1;;;;;;;;4.065;74;
bucket 2;;;;;;;;4.070;66;
bucket 3;;;;;;;;4.075;95;
bucket 4;;;;;;;;4.080;77;
bucket 5;;;;;;;;4.085;68;
bucket 6;;;;;;;;4.090;88;
bucket 7;;;;;;;;4.095;85;
bucket 8;;;;;;;;4.100;70;
bucket 9;;;;;;;;4.105;88;
bucket 10;;;;;;;;4.110;76;
bucket 11;;;;;;;;4.115;111;
bucket 12;;;;;;;;4.120;76;
bucket 13;;;;;;;;4.125;66;
bucket 14;;;;;;;;4.130;76;
bucket 15;;;;;;;;4.135;84;
bucket 16;;;;;;;;4.140;54;
bucket 17;;;;;;;;4.145;76;
bucket 18;;;;;;;;4.150;76;
bucket 19;;;;;;;;4.155;74;
bucket 20;;;;;;;;4.160;66;
bucket 21;;;;;;;;4.165;85;
bucket 22;;;;;;;;4.170;89;
bucket 23;;;;;;;;4.175;93;
bucket 24;;;;;;;;4.180;80;
bucket 25;;;;;;;;4.185;70;
bucket 26;;;;;;;;4.190;85;
bucket 27;;;;;;;;4.195;72;
bucket 28;;;;;;;;4.200;82;
bucket 29;;;;;;;;4.205;81;
bucket 30;;;;;;;;4.210;77;
bucket 31;;;;;;;;4.215;75;
bucket 32;;;;;;;;4.220;68;
bucket 33;;;;;;;;4.225;71;
bucket 34;;;;;;;;4.230;88;
bucket 35;;;;;;;;4.235;78;
bucket 36;;;;;;;;4.240;70;
bucket 37;;;;;;;;4.245;76;
bucket 38;;;;;;;;4.250;77;
bucket 39;;;;;;;;4.255;87;
bucket 40;;;;;;;;4.260;90;
bucket 41;;;;;;;;4.265;60;
bucket 42;;;;;;;;4.270;66;
bucket 43;;;;;;;;4.275;84;
bucket 44;;;;;;;;4.280;76;
bucket 45;;;;;;;;4.285;87;
bucket 46;;;;;;;;4.290;62;
bucket 47;;;;;;;;4.295;68;
bucket 48;;;;;;;;4.300;82;
bucket 49;;;;;;;;4.305;67;
bucket 50;;;;;;;;4.310;83;
bucket 51;;;;;;;;4.315;84;
bucket 52;;;;;;;;4.320;69;
bucket 53;;;;;;;;4.325;88;
bucket 54;;;;;;;;4.330;68;
bucket 55;;;;;;;;4.335;72;
bucket 56;;;;;;;;4.340;73;
bucket 57;;;;;;;;4.345;67;
bucket 58;;;;;;;;4.350;89;
bucket 59;;;;;;;;4.355;70;
bucket 60;;;;;;;;4.360;94;
bucket 61;;;;;;;;4.365;82;
bucket 62;;;;;;;;4.370;72;
bucket 63;;;;;;;;4.375;93;
bucket 64;;;;;;;;4.380;82;
bucket 65;;;;;;;;4.385;60;
bucket 66;;;;;;;;4.390;72;
bucket 67;;;;;;;;4.395;69;
bucket 68;;;;;;;;4.400;80;
bucket 69;;;;;;;;4.405;83;
bucket 70;;;;;;;;4.410;74;
bucket 71;;;;;;;;4.415;68;
bucket 72;;;;;;;;4.420;74;
bucket 73;;;;;;;;4.425;63;
bucket 74;;;;;;;;4.430;69;
bucket 75;;;;;;;;4.435;76;
bucket 76;;;;;;;;4.440;88;
bucket 77;;;;;;;;4.445;65;
bucket 78;;;;;;;;4.450;80;
bucket 79;;;;;;;;4.455;73;
bucket 80;;;;;;;;4.460;76;
bucket 81;;;;;;;;4.465;100;
bucket 82;;;;;;;;4.470;83;
bucket 83;;;;;;;;4.475;86;
bucket 84;;;;;;;;4.480;88;
bucket 85;;;;;;;;4.485;71;
bucket 86;;;;;;;;4.490;75;
bucket 87;;;;;;;;4.495;78;
bucket 88;;;;;;;;4.500;79;
bucket 89;;;;;;;;4.505;96;
bucket 90;;;;;;;;4.510;90;
bucket 91;;;;;;;;4.515;80;
bucket 92;;;;;;;;4.520;70;
bucket 93;;;;;;;;4.525;95;
bucket 94;;;;;;;;4.530;67;
bucket 95;;;;;;;;4.535;96;
bucket 96;;;;;;;;4.540;77;
bucket 97;;;;;;;;4.545;84;
bucket 98;;;;;;;;4.550;79;
bucket 99;;;;;;;;4.555;78;
bucket 100;;;;;;;;4.560;77;
bucket 101;;;;;;;;4.565;94;
bucket 102;;;;;;;;4.570;79;
bucket 103;;;;;;;;4.575;73;
bucket 104;;;;;;;;4.580;76;
bucket 105;;;;;;;;4.585;91;
bucket 106;;;;;;;;4.590;64;
bucket 107;;;;;;;;4.595;72;
bucket 108;;;;;;;;4.600;79;
bucket 109;;;;;;;;4.605;63;
bucket 110;;;;;;;;4.610;81;
bucket 111;;;;;;;;4.615;79;
bucket 112;;;;;;;;4.620;74;
bucket 113;;;;;;;;4.625;86;
bucket 114;;;;;;;;4.630;72;
bucket 115;;;;;;;;4.635;80;
bucket 116;;;;;;;;5.000;87;Running Hash WHIRLPOOL
bucket 117;;;;;;;;5.005;74;
bucket 118;;;;;;;;5.010;88;
bucket 119;;;;;;;;5.015;65;
bucket 120;;;;;;;;5.020;95;
bucket 121;;;;;;;;5.025;71;
bucket 122;;;;;;;;5.030;77;
bucket 123;;;;;;;;5.035;93;
bucket 124;;;;;;;;5.040;58;
bucket 125;;;;;;;;5.045;77;
bucket 126;;;;;;;;5.050;71;
bucket 127;;;;;;;;5.055;80;
10000;;;;;;;;5.060;91;
============;;;;;;;;5.065;78;
;;;;;;;;5.070;85;
bucket 0;;;;;;;;5.075;84;
bucket 1;;;;;;;;5.080;85;
bucket 2;;;;;;;;5.085;63;
bucket 3;;;;;;;;5.090;75;
bucket 4;;;;;;;;5.095;70;
bucket 5;;;;;;;;5.100;80;
bucket 6;;;;;;;;5.105;82;
bucket 7;;;;;;;;5.110;71;
bucket 8;;;;;;;;5.115;76;
bucket 9;;;;;;;;5.120;85;
bucket 10;;;;;;;;5.125;77;
bucket 11;;;;;;;;5.130;71;
bucket 12;;;;;;;;5.135;96;
bucket 13;;;;;;;;5.140;82;
bucket 14;;;;;;;;5.145;88;
bucket 15;;;;;;;;5.150;71;
bucket 16;;;;;;;;5.155;76;
bucket 17;;;;;;;;5.160;86;
bucket 18;;;;;;;;5.165;69;
bucket 19;;;;;;;;5.170;72;
bucket 20;;;;;;;;5.175;78;
bucket 21;;;;;;;;5.180;75;
bucket 22;;;;;;;;5.185;63;
bucket 23;;;;;;;;5.190;79;
bucket 24;;;;;;;;5.195;76;
bucket 25;;;;;;;;5.200;80;
bucket 26;;;;;;;;5.205;61;
bucket 27;;;;;;;;5.210;69;
bucket 28;;;;;;;;5.215;70;
bucket 29;;;;;;;;5.220;70;
bucket 30;;;;;;;;5.225;82;
bucket 31;;;;;;;;5.230;73;
bucket 32;;;;;;;;5.235;73;
bucket 33;;;;;;;;5.240;69;
bucket 34;;;;;;;;5.245;77;
bucket 35;;;;;;;;5.250;63;
bucket 36;;;;;;;;5.255;72;
bucket 37;;;;;;;;5.260;84;
bucket 38;;;;;;;;5.265;79;
bucket 39;;;;;;;;5.270;88;
bucket 40;;;;;;;;5.275;79;
bucket 41;;;;;;;;5.280;80;
bucket 42;;;;;;;;5.285;82;
bucket 43;;;;;;;;5.290;80;
bucket 44;;;;;;;;5.295;70;
bucket 45;;;;;;;;5.300;64;
bucket 46;;;;;;;;5.305;94;
bucket 47;;;;;;;;5.310;80;
bucket 48;;;;;;;;5.315;79;
bucket 49;;;;;;;;5.320;88;
bucket 50;;;;;;;;5.325;68;
bucket 51;;;;;;;;5.330;82;
bucket 52;;;;;;;;5.335;73;
bucket 53;;;;;;;;5.340;70;
bucket 54;;;;;;;;5.345;86;
bucket 55;;;;;;;;5.350;56;
bucket 56;;;;;;;;5.355;82;
bucket 57;;;;;;;;5.360;60;
bucket 58;;;;;;;;5.365;85;
bucket 59;;;;;;;;5.370;69;
bucket 60;;;;;;;;5.375;84;
bucket 61;;;;;;;;5.380;74;
bucket 62;;;;;;;;5.385;76;
bucket 63;;;;;;;;5.390;79;
bucket 64;;;;;;;;5.395;96;
bucket 65;;;;;;;;5.400;83;
bucket 66;;;;;;;;5.405;76;
bucket 67;;;;;;;;5.410;76;
bucket 68;;;;;;;;5.415;82;
bucket 69;;;;;;;;5.420;69;
bucket 70;;;;;;;;5.425;84;
bucket 71;;;;;;;;5.430;72;
bucket 72;;;;;;;;5.435;82;
bucket 73;;;;;;;;5.440;74;
bucket 74;;;;;;;;5.445;68;
bucket 75;;;;;;;;5.450;83;
bucket 76;;;;;;;;5.455;79;
bucket 77;;;;;;;;5.460;88;
bucket 78;;;;;;;;5.465;85;
bucket 79;;;;;;;;5.470;70;
bucket 80;;;;;;;;5.475;87;
bucket 81;;;;;;;;5.480;94;
bucket 82;;;;;;;;5.485;102;
bucket 83;;;;;;;;5.490;75;
bucket 84;;;;;;;;5.495;86;
bucket 85;;;;;;;;5.500;88;
bucket 86;;;;;;;;5.505;98;
bucket 87;;;;;;;;5.510;72;
bucket 88;;;;;;;;5.515;93;
bucket 89;;;;;;;;5.520;78;
bucket 90;;;;;;;;5.525;72;
bucket 91;;;;;;;;5.530;83;
bucket 92;;;;;;;;5.535;80;
bucket 93;;;;;;;;5.540;78;
bucket 94;;;;;;;;5.545;82;
bucket 95;;;;;;;;5.550;62;
bucket 96;;;;;;;;5.555;73;
bucket 97;;;;;;;;5.560;82;
bucket 98;;;;;;;;5.565;103;
bucket 99;;;;;;;;5.570;66;
bucket 100;;;;;;;;5.575;68;
bucket 101;;;;;;;;5.580;74;
bucket 102;;;;;;;;5.585;91;
bucket 103;;;;;;;;5.590;67;
bucket 104;;;;;;;;5.595;71;
bucket 105;;;;;;;;5.600;70;
bucket 106;;;;;;;;5.605;65;
bucket 107;;;;;;;;5.610;74;
bucket 108;;;;;;;;5.615;83;
bucket 109;;;;;;;;5.620;83;
bucket 110;;;;;;;;5.625;98;
bucket 111;;;;;;;;5.630;76;
bucket 112;;;;;;;;5.635;89;
bucket 113;;;;;;;;6.000;86;Running Hash SHA256
bucket 114;;;;;;;;6.005;159;
bucket 115;;;;;;;;6.010;159;
bucket 116;;;;;;;;6.015;146;
bucket 117;;;;;;;;6.020;147;
bucket 118;;;;;;;;6.025;146;
bucket 119;;;;;;;;6.030;161;
bucket 120;;;;;;;;6.035;82;
bucket 121;;;;;;;;6.040;87;
bucket 122;;;;;;;;6.045;93;
bucket 123;;;;;;;;6.050;0;
bucket 124;;;;;;;;6.055;0;
bucket 125;;;;;;;;6.060;0;
bucket 126;;;;;;;;6.065;0;
bucket 127;;;;;;;;6.070;0;
10000;;;;;;;;6.075;0;
============;;;;;;;;6.080;80;
;;;;;;;;6.085;153;
bucket 0;;;;;;;;6.090;181;
bucket 1;;;;;;;;6.095;163;
bucket 2;;;;;;;;6.100;162;
bucket 3;;;;;;;;6.105;165;
bucket 4;;;;;;;;6.110;170;
bucket 5;;;;;;;;6.115;70;
bucket 6;;;;;;;;6.120;81;
bucket 7;;;;;;;;6.125;64;
bucket 8;;;;;;;;6.130;0;
bucket 9;;;;;;;;6.135;0;
bucket 10;;;;;;;;6.140;0;
bucket 11;;;;;;;;6.145;0;
bucket 12;;;;;;;;6.150;0;
bucket 13;;;;;;;;6.155;0;
bucket 14;;;;;;;;6.160;29;
bucket 15;;;;;;;;6.165;122;
bucket 16;;;;;;;;6.170;157;
bucket 17;;;;;;;;6.175;119;
bucket 18;;;;;;;;6.180;119;
bucket 19;;;;;;;;6.185;123;
bucket 20;;;;;;;;6.190;134;
bucket 21;;;;;;;;6.195;45;
bucket 22;;;;;;;;6.200;45;
bucket 23;;;;;;;;6.205;46;
bucket 24;;;;;;;;6.210;0;
bucket 25;;;;;;;;6.215;0;
bucket 26;;;;;;;;6.220;0;
bucket 27;;;;;;;;6.225;0;
bucket 28;;;;;;;;6.230;0;
bucket 29;;;;;;;;6.235;0;
bucket 30;;;;;;;;6.240;89;
bucket 31;;;;;;;;6.245;153;
bucket 32;;;;;;;;6.250;142;
bucket 33;;;;;;;;6.255;149;
bucket 34;;;;;;;;6.260;142;
bucket 35;;;;;;;;6.265;153;
bucket 36;;;;;;;;6.270;155;
bucket 37;;;;;;;;6.275;80;
bucket 38;;;;;;;;6.280;65;
bucket 39;;;;;;;;6.285;71;
bucket 40;;;;;;;;6.290;0;
bucket 41;;;;;;;;6.295;0;
bucket 42;;;;;;;;6.300;0;
bucket 43;;;;;;;;6.305;0;
bucket 44;;;;;;;;6.310;0;
bucket 45;;;;;;;;6.315;0;
bucket 46;;;;;;;;6.320;124;
bucket 47;;;;;;;;6.325;205;
bucket 48;;;;;;;;6.330;203;
bucket 49;;;;;;;;6.335;189;
bucket 50;;;;;;;;6.340;174;
bucket 51;;;;;;;;6.345;183;
bucket 52;;;;;;;;6.350;216;
bucket 53;;;;;;;;6.355;111;
bucket 54;;;;;;;;6.360;101;
bucket 55;;;;;;;;6.365;120;
bucket 56;;;;;;;;6.370;0;
bucket 57;;;;;;;;6.375;0;
bucket 58;;;;;;;;6.380;0;
bucket 59;;;;;;;;6.385;0;
bucket 60;;;;;;;;6.390;0;
bucket 61;;;;;;;;6.395;0;
bucket 62;;;;;;;;6.400;78;
bucket 63;;;;;;;;6.405;106;
bucket 64;;;;;;;;6.410;106;
bucket 65;;;;;;;;6.415;127;
bucket 66;;;;;;;;6.420;109;
bucket 67;;;;;;;;6.425;130;
bucket 68;;;;;;;;6.430;130;
bucket 69;;;;;;;;6.435;78;
bucket 70;;;;;;;;6.440;86;
bucket 71;;;;;;;;6.445;81;
bucket 72;;;;;;;;6.450;0;
bucket 73;;;;;;;;6.455;0;
bucket 74;;;;;;;;6.460;0;
bucket 75;;;;;;;;6.465;0;
bucket 76;;;;;;;;6.470;0;
bucket 77;;;;;;;;6.475;0;
bucket 78;;;;;;;;6.480;70;
bucket 79;;;;;;;;6.485;151;
bucket 80;;;;;;;;6.490;151;
bucket 81;;;;;;;;6.495;164;
bucket 82;;;;;;;;6.500;125;
bucket 83;;;;;;;;6.505;162;
bucket 84;;;;;;;;6.510;143;
bucket 85;;;;;;;;6.515;69;
bucket 86;;;;;;;;6.520;79;
bucket 87;;;;;;;;6.525;71;
bucket 88;;;;;;;;6.530;0;
bucket 89;;;;;;;;6.535;0;
bucket 90;;;;;;;;6.540;0;
bucket 91;;;;;;;;6.545;0;
bucket 92;;;;;;;;6.550;0;
bucket 93;;;;;;;;6.555;0;
bucket 94;;;;;;;;6.560;69;
bucket 95;;;;;;;;6.565;179;
bucket 96;;;;;;;;6.570;232;
bucket 97;;;;;;;;6.575;198;
bucket 98;;;;;;;;6.580;175;
bucket 99;;;;;;;;6.585;205;
bucket 100;;;;;;;;6.590;178;
bucket 101;;;;;;;;6.595;68;
bucket 102;;;;;;;;6.600;80;
bucket 103;;;;;;;;6.605;81;
bucket 104;;;;;;;;6.610;0;
bucket 105;;;;;;;;6.615;0;
bucket 106;;;;;;;;6.620;0;
bucket 107;;;;;;;;6.625;0;
bucket 108;;;;;;;;6.630;0;
bucket 109;;;;;;;;6.635;0;
bucket 110;;;;;;;;7.000;65;Running Hash MD5
bucket 111;;;;;;;;7.005;61;
bucket 112;;;;;;;;7.010;89;
bucket 113;;;;;;;;7.015;82;
bucket 114;;;;;;;;7.020;82;
bucket 115;;;;;;;;7.025;86;
bucket 116;;;;;;;;7.030;78;
bucket 117;;;;;;;;7.035;80;
bucket 118;;;;;;;;7.040;75;
bucket 119;;;;;;;;7.045;80;
bucket 120;;;;;;;;7.050;79;
bucket 121;;;;;;;;7.055;83;
bucket 122;;;;;;;;7.060;71;
bucket 123;;;;;;;;7.065;75;
bucket 124;;;;;;;;7.070;82;
bucket 125;;;;;;;;7.075;70;
bucket 126;;;;;;;;7.080;78;
bucket 127;;;;;;;;7.085;78;
10000;;;;;;;;7.090;91;
============;;;;;;;;7.095;83;
;;;;;;;;7.100;64;
bucket 0;;;;;;;;7.105;85;
bucket 1;;;;;;;;7.110;74;
bucket 2;;;;;;;;7.115;75;
bucket 3;;;;;;;;7.120;70;
bucket 4;;;;;;;;7.125;81;
bucket 5;;;;;;;;7.130;77;
bucket 6;;;;;;;;7.135;81;
bucket 7;;;;;;;;7.140;78;
bucket 8;;;;;;;;7.145;81;
bucket 9;;;;;;;;7.150;84;
bucket 10;;;;;;;;7.155;72;
bucket 11;;;;;;;;7.160;69;
bucket 12;;;;;;;;7.165;72;
bucket 13;;;;;;;;7.170;80;
bucket 14;;;;;;;;7.175;68;
bucket 15;;;;;;;;7.180;94;
bucket 16;;;;;;;;7.185;70;
bucket 17;;;;;;;;7.190;94;
bucket 18;;;;;;;;7.195;88;
bucket 19;;;;;;;;7.200;79;
bucket 20;;;;;;;;7.205;76;
bucket 21;;;;;;;;7.210;77;
bucket 22;;;;;;;;7.215;75;
bucket 23;;;;;;;;7.220;82;
bucket 24;;;;;;;;7.225;73;
bucket 25;;;;;;;;7.230;63;
bucket 26;;;;;;;;7.235;65;
bucket 27;;;;;;;;7.240;73;
bucket 28;;;;;;;;7.245;84;
bucket 29;;;;;;;;7.250;92;
bucket 30;;;;;;;;7.255;62;
bucket 31;;;;;;;;7.260;86;
bucket 32;;;;;;;;7.265;73;
bucket 33;;;;;;;;7.270;74;
bucket 34;;;;;;;;7.275;66;
bucket 35;;;;;;;;7.280;69;
bucket 36;;;;;;;;7.285;93;
bucket 37;;;;;;;;7.290;75;
bucket 38;;;;;;;;7.295;90;
bucket 39;;;;;;;;7.300;74;
bucket 40;;;;;;;;7.305;80;
bucket 41;;;;;;;;7.310;79;
bucket 42;;;;;;;;7.315;75;
bucket 43;;;;;;;;7.320;71;
bucket 44;;;;;;;;7.325;59;
bucket 45;;;;;;;;7.330;80;
bucket 46;;;;;;;;7.335;82;
bucket 47;;;;;;;;7.340;84;
bucket 48;;;;;;;;7.345;78;
bucket 49;;;;;;;;7.350;74;
bucket 50;;;;;;;;7.355;76;
bucket 51;;;;;;;;7.360;80;
bucket 52;;;;;;;;7.365;77;
bucket 53;;;;;;;;7.370;73;
bucket 54;;;;;;;;7.375;94;
bucket 55;;;;;;;;7.380;83;
bucket 56;;;;;;;;7.385;60;
bucket 57;;;;;;;;7.390;84;
bucket 58;;;;;;;;7.395;75;
bucket 59;;;;;;;;7.400;94;
bucket 60;;;;;;;;7.405;85;
bucket 61;;;;;;;;7.410;82;
bucket 62;;;;;;;;7.415;72;
bucket 63;;;;;;;;7.420;83;
bucket 64;;;;;;;;7.425;61;
bucket 65;;;;;;;;7.430;76;
bucket 66;;;;;;;;7.435;80;
bucket 67;;;;;;;;7.440;86;
bucket 68;;;;;;;;7.445;91;
bucket 69;;;;;;;;7.450;83;
bucket 70;;;;;;;;7.455;88;
bucket 71;;;;;;;;7.460;70;
bucket 72;;;;;;;;7.465;80;
bucket 73;;;;;;;;7.470;76;
bucket 74;;;;;;;;7.475;96;
bucket 75;;;;;;;;7.480;80;
bucket 76;;;;;;;;7.485;82;
bucket 77;;;;;;;;7.490;67;
bucket 78;;;;;;;;7.495;71;
bucket 79;;;;;;;;7.500;89;
bucket 80;;;;;;;;7.505;74;
bucket 81;;;;;;;;7.510;82;
bucket 82;;;;;;;;7.515;83;
bucket 83;;;;;;;;7.520;83;
bucket 84;;;;;;;;7.525;77;
bucket 85;;;;;;;;7.530;70;
bucket 86;;;;;;;;7.535;93;
bucket 87;;;;;;;;7.540;68;
bucket 88;;;;;;;;7.545;74;
bucket 89;;;;;;;;7.550;75;
bucket 90;;;;;;;;7.555;93;
bucket 91;;;;;;;;7.560;72;
bucket 92;;;;;;;;7.565;78;
bucket 93;;;;;;;;7.570;73;
bucket 94;;;;;;;;7.575;71;
bucket 95;;;;;;;;7.580;82;
bucket 96;;;;;;;;7.585;86;
bucket 97;;;;;;;;7.590;66;
bucket 98;;;;;;;;7.595;83;
bucket 99;;;;;;;;7.600;75;
bucket 100;;;;;;;;7.605;69;
bucket 101;;;;;;;;7.610;67;
bucket 102;;;;;;;;7.615;95;
bucket 103;;;;;;;;7.620;79;
bucket 104;;;;;;;;7.625;92;
bucket 105;;;;;;;;7.630;73;
bucket 106;;;;;;;;7.635;85;
bucket 107;;;;;;;;8.000;48;Running Hash CRC32
bucket 108;;;;;;;;8.005;68;
bucket 109;;;;;;;;8.010;88;
bucket 110;;;;;;;;8.015;71;
bucket 111;;;;;;;;8.020;104;
bucket 112;;;;;;;;8.025;86;
bucket 113;;;;;;;;8.030;74;
bucket 114;;;;;;;;8.035;80;
bucket 115;;;;;;;;8.040;81;
bucket 116;;;;;;;;8.045;80;
bucket 117;;;;;;;;8.050;75;
bucket 118;;;;;;;;8.055;64;
bucket 119;;;;;;;;8.060;83;
bucket 120;;;;;;;;8.065;76;
bucket 121;;;;;;;;8.070;88;
bucket 122;;;;;;;;8.075;88;
bucket 123;;;;;;;;8.080;76;
bucket 124;;;;;;;;8.085;77;
bucket 125;;;;;;;;8.090;74;
bucket 126;;;;;;;;8.095;70;
bucket 127;;;;;;;;8.100;86;
10000;;;;;;;;8.105;66;
============;;;;;;;;8.110;59;
;;;;;;;;8.115;79;
bucket 0;;;;;;;;8.120;92;
bucket 1;;;;;;;;8.125;71;
bucket 2;;;;;;;;8.130;84;
bucket 3;;;;;;;;8.135;87;
bucket 4;;;;;;;;8.140;79;
bucket 5;;;;;;;;8.145;69;
bucket 6;;;;;;;;8.150;89;
bucket 7;;;;;;;;8.155;70;
bucket 8;;;;;;;;8.160;79;
bucket 9;;;;;;;;8.165;76;
bucket 10;;;;;;;;8.170;68;
bucket 11;;;;;;;;8.175;89;
bucket 12;;;;;;;;8.180;66;
bucket 13;;;;;;;;8.185;95;
bucket 14;;;;;;;;8.190;93;
bucket 15;;;;;;;;8.195;61;
bucket 16;;;;;;;;8.200;82;
bucket 17;;;;;;;;8.205;76;
bucket 18;;;;;;;;8.210;62;
bucket 19;;;;;;;;8.215;83;
bucket 20;;;;;;;;8.220;92;
bucket 21;;;;;;;;8.225;82;
bucket 22;;;;;;;;8.230;62;
bucket 23;;;;;;;;8.235;73;
bucket 24;;;;;;;;8.240;65;
bucket 25;;;;;;;;8.245;92;
bucket 26;;;;;;;;8.250;81;
bucket 27;;;;;;;;8.255;80;
bucket 28;;;;;;;;8.260;80;
bucket 29;;;;;;;;8.265;82;
bucket 30;;;;;;;;8.270;85;
bucket 31;;;;;;;;8.275;75;
bucket 32;;;;;;;;8.280;73;
bucket 33;;;;;;;;8.285;66;
bucket 34;;;;;;;;8.290;79;
bucket 35;;;;;;;;8.295;57;
bucket 36;;;;;;;;8.300;73;
bucket 37;;;;;;;;8.305;77;
bucket 38;;;;;;;;8.310;84;
bucket 39;;;;;;;;8.315;82;
bucket 40;;;;;;;;8.320;82;
bucket 41;;;;;;;;8.325;75;
bucket 42;;;;;;;;8.330;91;
bucket 43;;;;;;;;8.335;68;
bucket 44;;;;;;;;8.340;89;
bucket 45;;;;;;;;8.345;83;
bucket 46;;;;;;;;8.350;78;
bucket 47;;;;;;;;8.355;69;
bucket 48;;;;;;;;8.360;80;
bucket 49;;;;;;;;8.365;84;
bucket 50;;;;;;;;8.370;82;
bucket 51;;;;;;;;8.375;74;
bucket 52;;;;;;;;8.380;85;
bucket 53;;;;;;;;8.385;96;
bucket 54;;;;;;;;8.390;90;
bucket 55;;;;;;;;8.395;84;
bucket 56;;;;;;;;8.400;84;
bucket 57;;;;;;;;8.405;77;
bucket 58;;;;;;;;8.410;77;
bucket 59;;;;;;;;8.415;70;
bucket 60;;;;;;;;8.420;96;
bucket 61;;;;;;;;8.425;73;
bucket 62;;;;;;;;8.430;67;
bucket 63;;;;;;;;8.435;93;
bucket 64;;;;;;;;8.440;77;
bucket 65;;;;;;;;8.445;82;
bucket 66;;;;;;;;8.450;89;
bucket 67;;;;;;;;8.455;82;
bucket 68;;;;;;;;8.460;77;
bucket 69;;;;;;;;8.465;71;
bucket 70;;;;;;;;8.470;80;
bucket 71;;;;;;;;8.475;78;
bucket 72;;;;;;;;8.480;86;
bucket 73;;;;;;;;8.485;66;
bucket 74;;;;;;;;8.490;57;
bucket 75;;;;;;;;8.495;70;
bucket 76;;;;;;;;8.500;76;
bucket 77;;;;;;;;8.505;84;
bucket 78;;;;;;;;8.510;78;
bucket 79;;;;;;;;8.515;81;
bucket 80;;;;;;;;8.520;85;
bucket 81;;;;;;;;8.525;84;
bucket 82;;;;;;;;8.530;73;
bucket 83;;;;;;;;8.535;80;
bucket 84;;;;;;;;8.540;92;
bucket 85;;;;;;;;8.545;87;
bucket 86;;;;;;;;8.550;67;
bucket 87;;;;;;;;8.555;79;
bucket 88;;;;;;;;8.560;84;
bucket 89;;;;;;;;8.565;64;
bucket 90;;;;;;;;8.570;76;
bucket 91;;;;;;;;8.575;70;
bucket 92;;;;;;;;8.580;67;
bucket 93;;;;;;;;8.585;82;
bucket 94;;;;;;;;8.590;73;
bucket 95;;;;;;;;8.595;81;
bucket 96;;;;;;;;8.600;78;
bucket 97;;;;;;;;8.605;84;
bucket 98;;;;;;;;8.610;88;
bucket 99;;;;;;;;8.615;79;
bucket 100;;;;;;;;8.620;82;
bucket 101;;;;;;;;8.625;79;
bucket 102;;;;;;;;8.630;71;
bucket 103;;;;;;;;8.635;62;
bucket 104;;;;;;;;9.000;47;Running Hash FLETCHER32
bucket 105;;;;;;;;9.005;41;
bucket 106;;;;;;;;9.010;55;
bucket 107;;;;;;;;9.015;45;
bucket 108;;;;;;;;9.020;44;
bucket 109;;;;;;;;9.025;52;
bucket 110;;;;;;;;9.030;42;
bucket 111;;;;;;;;9.035;43;
bucket 112;;;;;;;;9.040;49;
bucket 113;;;;;;;;9.045;40;
bucket 114;;;;;;;;9.050;40;
bucket 115;;;;;;;;9.055;36;
bucket 116;;;;;;;;9.060;30;
bucket 117;;;;;;;;9.065;27;
bucket 118;;;;;;;;9.070;31;
bucket 119;;;;;;;;9.075;39;
bucket 120;;;;;;;;9.080;45;
bucket 121;;;;;;;;9.085;43;
bucket 122;;;;;;;;9.090;54;
bucket 123;;;;;;;;9.095;51;
bucket 124;;;;;;;;9.100;60;
bucket 125;;;;;;;;9.105;63;
bucket 126;;;;;;;;9.110;57;
bucket 127;;;;;;;;9.115;78;
10000;;;;;;;;9.120;88;
============;;;;;;;;9.125;98;
;;;;;;;;9.130;99;
bucket 0;;;;;;;;9.135;117;
bucket 1;;;;;;;;9.140;124;
bucket 2;;;;;;;;9.145;156;
bucket 3;;;;;;;;9.150;167;
bucket 4;;;;;;;;9.155;139;
bucket 5;;;;;;;;9.160;184;
bucket 6;;;;;;;;9.165;163;
bucket 7;;;;;;;;9.170;178;
bucket 8;;;;;;;;9.175;214;
bucket 9;;;;;;;;9.180;206;
bucket 10;;;;;;;;9.185;196;
bucket 11;;;;;;;;9.190;205;
bucket 12;;;;;;;;9.195;221;
bucket 13;;;;;;;;9.200;211;
bucket 14;;;;;;;;9.205;213;
bucket 15;;;;;;;;9.210;223;
bucket 16;;;;;;;;9.215;207;
bucket 17;;;;;;;;9.220;205;
bucket 18;;;;;;;;9.225;185;
bucket 19;;;;;;;;9.230;181;
bucket 20;;;;;;;;9.235;186;
bucket 21;;;;;;;;9.240;153;
bucket 22;;;;;;;;9.245;159;
bucket 23;;;;;;;;9.250;143;
bucket 24;;;;;;;;9.255;152;
bucket 25;;;;;;;;9.260;109;
bucket 26;;;;;;;;9.265;124;
bucket 27;;;;;;;;9.270;96;
bucket 28;;;;;;;;9.275;85;
bucket 29;;;;;;;;9.280;73;
bucket 30;;;;;;;;9.285;80;
bucket 31;;;;;;;;9.290;67;
bucket 32;;;;;;;;9.295;80;
bucket 33;;;;;;;;9.300;67;
bucket 34;;;;;;;;9.305;55;
bucket 35;;;;;;;;9.310;47;
bucket 36;;;;;;;;9.315;37;
bucket 37;;;;;;;;9.320;38;
bucket 38;;;;;;;;9.325;38;
bucket 39;;;;;;;;9.330;34;
bucket 40;;;;;;;;9.335;35;
bucket 41;;;;;;;;9.340;41;
bucket 42;;;;;;;;9.345;39;
bucket 43;;;;;;;;9.350;48;
bucket 44;;;;;;;;9.355;42;
bucket 45;;;;;;;;9.360;52;
bucket 46;;;;;;;;9.365;66;
bucket 47;;;;;;;;9.370;53;
bucket 48;;;;;;;;9.375;50;
bucket 49;;;;;;;;9.380;58;
bucket 50;;;;;;;;9.385;56;
bucket 51;;;;;;;;9.390;49;
bucket 52;;;;;;;;9.395;36;
bucket 53;;;;;;;;9.400;60;
bucket 54;;;;;;;;9.405;54;
bucket 55;;;;;;;;9.410;56;
bucket 56;;;;;;;;9.415;42;
bucket 57;;;;;;;;9.420;54;
bucket 58;;;;;;;;9.425;42;
bucket 59;;;;;;;;9.430;50;
bucket 60;;;;;;;;9.435;63;
bucket 61;;;;;;;;9.440;62;
bucket 62;;;;;;;;9.445;53;
bucket 63;;;;;;;;9.450;64;
bucket 64;;;;;;;;9.455;52;
bucket 65;;;;;;;;9.460;66;
bucket 66;;;;;;;;9.465;63;
bucket 67;;;;;;;;9.470;66;
bucket 68;;;;;;;;9.475;54;
bucket 69;;;;;;;;9.480;68;
bucket 70;;;;;;;;9.485;57;
bucket 71;;;;;;;;9.490;54;
bucket 72;;;;;;;;9.495;64;
bucket 73;;;;;;;;9.500;50;
bucket 74;;;;;;;;9.505;55;
bucket 75;;;;;;;;9.510;62;
bucket 76;;;;;;;;9.515;62;
bucket 77;;;;;;;;9.520;52;
bucket 78;;;;;;;;9.525;51;
bucket 79;;;;;;;;9.530;58;
bucket 80;;;;;;;;9.535;49;
bucket 81;;;;;;;;9.540;51;
bucket 82;;;;;;;;9.545;50;
bucket 83;;;;;;;;9.550;34;
bucket 84;;;;;;;;9.555;49;
bucket 85;;;;;;;;9.560;51;
bucket 86;;;;;;;;9.565;43;
bucket 87;;;;;;;;9.570;46;
bucket 88;;;;;;;;9.575;44;
bucket 89;;;;;;;;9.580;46;
bucket 90;;;;;;;;9.585;31;
bucket 91;;;;;;;;9.590;51;
bucket 92;;;;;;;;9.595;43;
bucket 93;;;;;;;;9.600;42;
bucket 94;;;;;;;;9.605;42;
bucket 95;;;;;;;;9.610;33;
bucket 96;;;;;;;;9.615;42;
bucket 97;;;;;;;;9.620;50;
bucket 98;;;;;;;;9.625;40;
bucket 99;;;;;;;;9.630;49;
bucket 100;;;;;;;;9.635;40;
bucket 101;;;;;;;;10.000;40;Running Hash ADLER32
bucket 102;;;;;;;;10.005;47;
bucket 103;;;;;;;;10.010;41;
bucket 104;;;;;;;;10.015;55;
bucket 105;;;;;;;;10.020;45;
bucket 106;;;;;;;;10.025;44;
bucket 107;;;;;;;;10.030;52;
bucket 108;;;;;;;;10.035;42;
bucket 109;;;;;;;;10.040;43;
bucket 110;;;;;;;;10.045;49;
bucket 111;;;;;;;;10.050;40;
bucket 112;;;;;;;;10.055;40;
bucket 113;;;;;;;;10.060;36;
bucket 114;;;;;;;;10.065;30;
bucket 115;;;;;;;;10.070;27;
bucket 116;;;;;;;;10.075;31;
bucket 117;;;;;;;;10.080;39;
bucket 118;;;;;;;;10.085;45;
bucket 119;;;;;;;;10.090;43;
bucket 120;;;;;;;;10.095;54;
bucket 121;;;;;;;;10.100;51;
bucket 122;;;;;;;;10.105;60;
bucket 123;;;;;;;;10.110;63;
bucket 124;;;;;;;;10.115;57;
bucket 125;;;;;;;;10.120;78;
bucket 126;;;;;;;;10.125;88;
bucket 127;;;;;;;;10.130;98;
10000;;;;;;;;10.135;99;
============;;;;;;;;10.140;117;
;;;;;;;;10.145;124;
bucket 0;;;;;;;;10.150;156;
bucket 1;;;;;;;;10.155;167;
bucket 2;;;;;;;;10.160;139;
bucket 3;;;;;;;;10.165;184;
bucket 4;;;;;;;;10.170;163;
bucket 5;;;;;;;;10.175;178;
bucket 6;;;;;;;;10.180;214;
bucket 7;;;;;;;;10.185;206;
bucket 8;;;;;;;;10.190;196;
bucket 9;;;;;;;;10.195;205;
bucket 10;;;;;;;;10.200;221;
bucket 11;;;;;;;;10.205;211;
bucket 12;;;;;;;;10.210;213;
bucket 13;;;;;;;;10.215;223;
bucket 14;;;;;;;;10.220;207;
bucket 15;;;;;;;;10.225;205;
bucket 16;;;;;;;;10.230;185;
bucket 17;;;;;;;;10.235;181;
bucket 18;;;;;;;;10.240;186;
bucket 19;;;;;;;;10.245;153;
bucket 20;;;;;;;;10.250;159;
bucket 21;;;;;;;;10.255;143;
bucket 22;;;;;;;;10.260;152;
bucket 23;;;;;;;;10.265;109;
bucket 24;;;;;;;;10.270;124;
bucket 25;;;;;;;;10.275;96;
bucket 26;;;;;;;;10.280;85;
bucket 27;;;;;;;;10.285;73;
bucket 28;;;;;;;;10.290;80;
bucket 29;;;;;;;;10.295;67;
bucket 30;;;;;;;;10.300;80;
bucket 31;;;;;;;;10.305;67;
bucket 32;;;;;;;;10.310;55;
bucket 33;;;;;;;;10.315;47;
bucket 34;;;;;;;;10.320;37;
bucket 35;;;;;;;;10.325;38;
bucket 36;;;;;;;;10.330;38;
bucket 37;;;;;;;;10.335;34;
bucket 38;;;;;;;;10.340;35;
bucket 39;;;;;;;;10.345;41;
bucket 40;;;;;;;;10.350;39;
bucket 41;;;;;;;;10.355;48;
bucket 42;;;;;;;;10.360;42;
bucket 43;;;;;;;;10.365;52;
bucket 44;;;;;;;;10.370;66;
bucket 45;;;;;;;;10.375;53;
bucket 46;;;;;;;;10.380;50;
bucket 47;;;;;;;;10.385;58;
bucket 48;;;;;;;;10.390;56;
bucket 49;;;;;;;;10.395;49;
bucket 50;;;;;;;;10.400;36;
bucket 51;;;;;;;;10.405;60;
bucket 52;;;;;;;;10.410;54;
bucket 53;;;;;;;;10.415;56;
bucket 54;;;;;;;;10.420;42;
bucket 55;;;;;;;;10.425;54;
bucket 56;;;;;;;;10.430;42;
bucket 57;;;;;;;;10.435;50;
bucket 58;;;;;;;;10.440;63;
bucket 59;;;;;;;;10.445;62;
bucket 60;;;;;;;;10.450;53;
bucket 61;;;;;;;;10.455;64;
bucket 62;;;;;;;;10.460;52;
bucket 63;;;;;;;;10.465;66;
bucket 64;;;;;;;;10.470;63;
bucket 65;;;;;;;;10.475;66;
bucket 66;;;;;;;;10.480;54;
bucket 67;;;;;;;;10.485;68;
bucket 68;;;;;;;;10.490;57;
bucket 69;;;;;;;;10.495;54;
bucket 70;;;;;;;;10.500;64;
bucket 71;;;;;;;;10.505;50;
bucket 72;;;;;;;;10.510;55;
bucket 73;;;;;;;;10.515;62;
bucket 74;;;;;;;;10.520;62;
bucket 75;;;;;;;;10.525;52;
bucket 76;;;;;;;;10.530;51;
bucket 77;;;;;;;;10.535;58;
bucket 78;;;;;;;;10.540;49;
bucket 79;;;;;;;;10.545;51;
bucket 80;;;;;;;;10.550;50;
bucket 81;;;;;;;;10.555;34;
bucket 82;;;;;;;;10.560;49;
bucket 83;;;;;;;;10.565;51;
bucket 84;;;;;;;;10.570;43;
bucket 85;;;;;;;;10.575;46;
bucket 86;;;;;;;;10.580;44;
bucket 87;;;;;;;;10.585;46;
bucket 88;;;;;;;;10.590;31;
bucket 89;;;;;;;;10.595;51;
bucket 90;;;;;;;;10.600;43;
bucket 91;;;;;;;;10.605;42;
bucket 92;;;;;;;;10.610;42;
bucket 93;;;;;;;;10.615;33;
bucket 94;;;;;;;;10.620;42;
bucket 95;;;;;;;;10.625;50;
bucket 96;;;;;;;;10.630;40;
bucket 97;;;;;;;;10.635;49;
bucket 98;;;;;;;;11.000;28;Running Hash XOR8
bucket 99;;;;;;;;11.005;30;
bucket 100;;;;;;;;11.010;22;
bucket 101;;;;;;;;11.015;29;
bucket 102;;;;;;;;11.020;29;
bucket 103;;;;;;;;11.025;19;
bucket 104;;;;;;;;11.030;28;
bucket 105;;;;;;;;11.035;24;
bucket 106;;;;;;;;11.040;19;
bucket 107;;;;;;;;11.045;17;
bucket 108;;;;;;;;11.050;21;
bucket 109;;;;;;;;11.055;26;
bucket 110;;;;;;;;11.060;19;
bucket 111;;;;;;;;11.065;19;
bucket 112;;;;;;;;11.070;18;
bucket 113;;;;;;;;11.075;25;
bucket 114;;;;;;;;11.080;409;
bucket 115;;;;;;;;11.085;434;
bucket 116;;;;;;;;11.090;383;
bucket 117;;;;;;;;11.095;368;
bucket 118;;;;;;;;11.100;396;
bucket 119;;;;;;;;11.105;411;
bucket 120;;;;;;;;11.110;394;
bucket 121;;;;;;;;11.115;377;
bucket 122;;;;;;;;11.120;428;
bucket 123;;;;;;;;11.125;421;
bucket 124;;;;;;;;11.130;392;
bucket 125;;;;;;;;11.135;438;
bucket 126;;;;;;;;11.140;398;
bucket 127;;;;;;;;11.145;411;
10000;;;;;;;;11.150;414;
============;;;;;;;;11.155;396;
;;;;;;;;11.160;203;
bucket 0;;;;;;;;11.165;173;
bucket 1;;;;;;;;11.170;188;
bucket 2;;;;;;;;11.175;179;
bucket 3;;;;;;;;11.180;169;
bucket 4;;;;;;;;11.185;164;
bucket 5;;;;;;;;11.190;193;
bucket 6;;;;;;;;11.195;171;
bucket 7;;;;;;;;11.200;178;
bucket 8;;;;;;;;11.205;172;
bucket 9;;;;;;;;11.210;187;
bucket 10;;;;;;;;11.215;196;
bucket 11;;;;;;;;11.220;208;
bucket 12;;;;;;;;11.225;183;
bucket 13;;;;;;;;11.230;189;
bucket 14;;;;;;;;11.235;179;
bucket 15;;;;;;;;11.240;17;
bucket 16;;;;;;;;11.245;20;
bucket 17;;;;;;;;11.250;16;
bucket 18;;;;;;;;11.255;13;
bucket 19;;;;;;;;11.260;15;
bucket 20;;;;;;;;11.265;15;
bucket 21;;;;;;;;11.270;12;
bucket 22;;;;;;;;11.275;15;
bucket 23;;;;;;;;11.280;14;
bucket 24;;;;;;;;11.285;11;
bucket 25;;;;;;;;11.290;14;
bucket 26;;;;;;;;11.295;9;
bucket 27;;;;;;;;11.300;9;
bucket 28;;;;;;;;11.305;12;
bucket 29;;;;;;;;11.310;12;
bucket 30;;;;;;;;11.315;13;
bucket 31;;;;;;;;11.320;1;
bucket 32;;;;;;;;11.325;0;
bucket 33;;;;;;;;11.330;0;
bucket 34;;;;;;;;11.335;1;
bucket 35;;;;;;;;11.340;0;
bucket 36;;;;;;;;11.345;0;
bucket 37;;;;;;;;11.350;2;
bucket 38;;;;;;;;11.355;0;
bucket 39;;;;;;;;11.360;0;
bucket 40;;;;;;;;11.365;0;
bucket 41;;;;;;;;11.370;0;
bucket 42;;;;;;;;11.375;0;
bucket 43;;;;;;;;11.380;0;
bucket 44;;;;;;;;11.385;0;
bucket 45;;;;;;;;11.390;0;
bucket 46;;;;;;;;11.395;0;
bucket 47;;;;;;;;11.400;0;
bucket 48;;;;;;;;11.405;0;
bucket 49;;;;;;;;11.410;0;
bucket 50;;;;;;;;11.415;0;
bucket 51;;;;;;;;11.420;0;
bucket 52;;;;;;;;11.425;0;
bucket 53;;;;;;;;11.430;0;
bucket 54;;;;;;;;11.435;0;
bucket 55;;;;;;;;11.440;0;
bucket 56;;;;;;;;11.445;0;
bucket 57;;;;;;;;11.450;0;
bucket 58;;;;;;;;11.455;0;
bucket 59;;;;;;;;11.460;0;
bucket 60;;;;;;;;11.465;0;
bucket 61;;;;;;;;11.470;0;
bucket 62;;;;;;;;11.475;0;
bucket 63;;;;;;;;11.480;0;
bucket 64;;;;;;;;11.485;0;
bucket 65;;;;;;;;11.490;0;
bucket 66;;;;;;;;11.495;0;
bucket 67;;;;;;;;11.500;0;
bucket 68;;;;;;;;11.505;0;
bucket 69;;;;;;;;11.510;0;
bucket 70;;;;;;;;11.515;0;
bucket 71;;;;;;;;11.520;0;
bucket 72;;;;;;;;11.525;0;
bucket 73;;;;;;;;11.530;0;
bucket 74;;;;;;;;11.535;0;
bucket 75;;;;;;;;11.540;0;
bucket 76;;;;;;;;11.545;0;
bucket 77;;;;;;;;11.550;0;
bucket 78;;;;;;;;11.555;0;
bucket 79;;;;;;;;11.560;1;
bucket 80;;;;;;;;11.565;0;
bucket 81;;;;;;;;11.570;0;
bucket 82;;;;;;;;11.575;0;
bucket 83;;;;;;;;11.580;0;
bucket 84;;;;;;;;11.585;0;
bucket 85;;;;;;;;11.590;0;
bucket 86;;;;;;;;11.595;0;
bucket 87;;;;;;;;11.600;0;
bucket 88;;;;;;;;11.605;0;
bucket 89;;;;;;;;11.610;1;
bucket 90;;;;;;;;11.615;1;
bucket 91;;;;;;;;11.620;0;
bucket 92;;;;;;;;11.625;0;
bucket 93;;;;;;;;11.630;1;
bucket 94;;;;;;;;11.635;0;
bucket 95;;;;;;;;12.000;426;Running Hash SIM_HASH
bucket 96;;;;;;;;12.005;198;
bucket 97;;;;;;;;12.010;116;
bucket 98;;;;;;;;12.015;238;
bucket 99;;;;;;;;12.020;135;
bucket 100;;;;;;;;12.025;92;
bucket 101;;;;;;;;12.030;75;
bucket 102;;;;;;;;12.035;610;
bucket 103;;;;;;;;12.040;334;
bucket 104;;;;;;;;12.045;331;
bucket 105;;;;;;;;12.050;227;
bucket 106;;;;;;;;12.055;274;
bucket 107;;;;;;;;12.060;185;
bucket 108;;;;;;;;12.065;116;
bucket 109;;;;;;;;12.070;154;
bucket 110;;;;;;;;12.075;181;
bucket 111;;;;;;;;12.080;78;
bucket 112;;;;;;;;12.085;69;
bucket 113;;;;;;;;12.090;62;
bucket 114;;;;;;;;12.095;58;
bucket 115;;;;;;;;12.100;38;
bucket 116;;;;;;;;12.105;26;
bucket 117;;;;;;;;12.110;21;
bucket 118;;;;;;;;12.115;171;
bucket 119;;;;;;;;12.120;128;
bucket 120;;;;;;;;12.125;131;
bucket 121;;;;;;;;12.130;101;
bucket 122;;;;;;;;12.135;74;
bucket 123;;;;;;;;12.140;50;
bucket 124;;;;;;;;12.145;33;
bucket 125;;;;;;;;12.150;55;
bucket 126;;;;;;;;12.155;135;
bucket 127;;;;;;;;12.160;67;
10000;;;;;;;;12.165;54;
============;;;;;;;;12.170;21;
;;;;;;;;12.175;115;
bucket 0;;;;;;;;12.180;65;
bucket 1;;;;;;;;12.185;48;
bucket 2;;;;;;;;12.190;28;
bucket 3;;;;;;;;12.195;183;
bucket 4;;;;;;;;12.200;113;
bucket 5;;;;;;;;12.205;89;
bucket 6;;;;;;;;12.210;49;
bucket 7;;;;;;;;12.215;165;
bucket 8;;;;;;;;12.220;89;
bucket 9;;;;;;;;12.225;78;
bucket 10;;;;;;;;12.230;54;
bucket 11;;;;;;;;12.235;54;
bucket 12;;;;;;;;12.240;23;
bucket 13;;;;;;;;12.245;19;
bucket 14;;;;;;;;12.250;15;
bucket 15;;;;;;;;12.255;33;
bucket 16;;;;;;;;12.260;23;
bucket 17;;;;;;;;12.265;8;
bucket 18;;;;;;;;12.270;9;
bucket 19;;;;;;;;12.275;48;
bucket 20;;;;;;;;12.280;46;
bucket 21;;;;;;;;12.285;27;
bucket 22;;;;;;;;12.290;27;
bucket 23;;;;;;;;12.295;43;
bucket 24;;;;;;;;12.300;18;
bucket 25;;;;;;;;12.305;17;
bucket 26;;;;;;;;12.310;16;
bucket 27;;;;;;;;12.315;183;
bucket 28;;;;;;;;12.320;130;
bucket 29;;;;;;;;12.325;83;
bucket 30;;;;;;;;12.330;66;
bucket 31;;;;;;;;12.335;110;
bucket 32;;;;;;;;12.340;78;
bucket 33;;;;;;;;12.345;48;
bucket 34;;;;;;;;12.350;53;
bucket 35;;;;;;;;12.355;170;
bucket 36;;;;;;;;12.360;112;
bucket 37;;;;;;;;12.365;95;
bucket 38;;;;;;;;12.370;88;
bucket 39;;;;;;;;12.375;105;
bucket 40;;;;;;;;12.380;98;
bucket 41;;;;;;;;12.385;67;
bucket 42;;;;;;;;12.390;93;
bucket 43;;;;;;;;12.395;106;
bucket 44;;;;;;;;12.400;64;
bucket 45;;;;;;;;12.405;35;
bucket 46;;;;;;;;12.410;32;
bucket 47;;;;;;;;12.415;38;
bucket 48;;;;;;;;12.420;24;
bucket 49;;;;;;;;12.425;12;
bucket 50;;;;;;;;12.430;12;
bucket 51;;;;;;;;12.435;76;
bucket 52;;;;;;;;12.440;72;
bucket 53;;;;;;;;12.445;57;
bucket 54;;;;;;;;12.450;47;
bucket 55;;;;;;;;12.455;28;
bucket 56;;;;;;;;12.460;26;
bucket 57;;;;;;;;12.465;17;
bucket 58;;;;;;;;12.470;26;
bucket 59;;;;;;;;12.475;58;
bucket 60;;;;;;;;12.480;44;
bucket 61;;;;;;;;12.485;23;
bucket 62;;;;;;;;12.490;17;
bucket 63;;;;;;;;12.495;41;
bucket 64;;;;;;;;12.500;32;
bucket 65;;;;;;;;12.505;31;
bucket 66;;;;;;;;12.510;22;
bucket 67;;;;;;;;12.515;71;
bucket 68;;;;;;;;12.520;42;
bucket 69;;;;;;;;12.525;30;
bucket 70;;;;;;;;12.530;19;
bucket 71;;;;;;;;12.535;41;
bucket 72;;;;;;;;12.540;37;
bucket 73;;;;;;;;12.545;26;
bucket 74;;;;;;;;12.550;30;
bucket 75;;;;;;;;12.555;27;
bucket 76;;;;;;;;12.560;16;
bucket 77;;;;;;;;12.565;7;
bucket 78;;;;;;;;12.570;5;
bucket 79;;;;;;;;12.575;14;
bucket 80;;;;;;;;12.580;11;
bucket 81;;;;;;;;12.585;7;
bucket 82;;;;;;;;12.590;10;
bucket 83;;;;;;;;12.595;14;
bucket 84;;;;;;;;12.600;8;
bucket 85;;;;;;;;12.605;8;
bucket 86;;;;;;;;12.610;6;
bucket 87;;;;;;;;12.615;9;
bucket 88;;;;;;;;12.620;5;
bucket 89;;;;;;;;12.625;7;
bucket 90;;;;;;;;12.630;7;
bucket 91;;;;;;;;12.635;458;
bucket 92;;;;;;;;13.005;0;Running Hash NONE
bucket 93;;;;;;;;13.010;0;
bucket 94;;;;;;;;13.015;0;
bucket 95;;;;;;;;13.020;0;
bucket 96;;;;;;;;13.025;0;
bucket 97;;;;;;;;13.030;0;
bucket 98;;;;;;;;13.035;0;
bucket 99;;;;;;;;13.040;0;
bucket 100;;;;;;;;13.045;0;
bucket 101;;;;;;;;13.050;0;
bucket 102;;;;;;;;13.055;0;
bucket 103;;;;;;;;13.060;0;
bucket 104;;;;;;;;13.065;0;
bucket 105;;;;;;;;13.070;0;
bucket 106;;;;;;;;13.075;0;
bucket 107;;;;;;;;13.080;0;
bucket 108;;;;;;;;13.085;0;
bucket 109;;;;;;;;13.090;0;
bucket 110;;;;;;;;13.095;0;
bucket 111;;;;;;;;13.100;0;
bucket 112;;;;;;;;13.105;0;
bucket 113;;;;;;;;13.110;0;
bucket 114;;;;;;;;13.115;0;
bucket 115;;;;;;;;13.120;0;
bucket 116;;;;;;;;13.125;0;
bucket 117;;;;;;;;13.130;0;
bucket 118;;;;;;;;13.135;0;
bucket 119;;;;;;;;13.140;0;
bucket 120;;;;;;;;13.145;0;
bucket 121;;;;;;;;13.150;0;
bucket 122;;;;;;;;13.155;0;
bucket 123;;;;;;;;13.160;0;
bucket 124;;;;;;;;13.165;0;
bucket 125;;;;;;;;13.170;0;
bucket 126;;;;;;;;13.175;0;
bucket 127;;;;;;;;13.180;0;
10000;;;;;;;;13.185;0;
============;;;;;;;;13.190;0;
;;;;;;;;13.195;0;
bucket 0;;;;;;;;13.200;0;
bucket 1;;;;;;;;13.205;0;
bucket 2;;;;;;;;13.210;0;
bucket 3;;;;;;;;13.215;0;
bucket 4;;;;;;;;13.220;0;
bucket 5;;;;;;;;13.225;0;
bucket 6;;;;;;;;13.230;0;
bucket 7;;;;;;;;13.235;0;
bucket 8;;;;;;;;13.240;0;
bucket 9;;;;;;;;13.245;0;
bucket 10;;;;;;;;13.250;0;
bucket 11;;;;;;;;13.255;0;
bucket 12;;;;;;;;13.260;0;
bucket 13;;;;;;;;13.265;0;
bucket 14;;;;;;;;13.270;0;
bucket 15;;;;;;;;13.275;0;
bucket 16;;;;;;;;13.280;0;
bucket 17;;;;;;;;13.285;0;
bucket 18;;;;;;;;13.290;0;
bucket 19;;;;;;;;13.295;0;
bucket 20;;;;;;;;13.300;0;
bucket 21;;;;;;;;13.305;0;
bucket 22;;;;;;;;13.310;0;
bucket 23;;;;;;;;13.315;0;
bucket 24;;;;;;;;13.320;0;
bucket 25;;;;;;;;13.325;0;
bucket 26;;;;;;;;13.330;0;
bucket 27;;;;;;;;13.335;0;
bucket 28;;;;;;;;13.340;0;
bucket 29;;;;;;;;13.345;0;
bucket 30;;;;;;;;13.350;0;
bucket 31;;;;;;;;13.355;0;
bucket 32;;;;;;;;13.360;0;
bucket 33;;;;;;;;13.365;0;
bucket 34;;;;;;;;13.370;0;
bucket 35;;;;;;;;13.375;0;
bucket 36;;;;;;;;13.380;0;
bucket 37;;;;;;;;13.385;0;
bucket 38;;;;;;;;13.390;0;
bucket 39;;;;;;;;13.395;0;
bucket 40;;;;;;;;13.400;0;
bucket 41;;;;;;;;13.405;0;
bucket 42;;;;;;;;13.410;0;
bucket 43;;;;;;;;13.415;0;
bucket 44;;;;;;;;13.420;0;
bucket 45;;;;;;;;13.425;0;
bucket 46;;;;;;;;13.430;0;
bucket 47;;;;;;;;13.435;0;
bucket 48;;;;;;;;13.440;0;
bucket 49;;;;;;;;13.445;0;
bucket 50;;;;;;;;13.450;0;
bucket 51;;;;;;;;13.455;0;
bucket 52;;;;;;;;13.460;0;
bucket 53;;;;;;;;13.465;0;
bucket 54;;;;;;;;13.470;0;
bucket 55;;;;;;;;13.475;0;
bucket 56;;;;;;;;13.480;0;
bucket 57;;;;;;;;13.485;0;
bucket 58;;;;;;;;13.490;0;
bucket 59;;;;;;;;13.495;0;
bucket 60;;;;;;;;13.500;0;
bucket 61;;;;;;;;13.505;0;
bucket 62;;;;;;;;13.510;0;
bucket 63;;;;;;;;13.515;0;
bucket 64;;;;;;;;13.520;0;
bucket 65;;;;;;;;13.525;0;
bucket 66;;;;;;;;13.530;0;
bucket 67;;;;;;;;13.535;0;
bucket 68;;;;;;;;13.540;0;
bucket 69;;;;;;;;13.545;0;
bucket 70;;;;;;;;13.550;0;
bucket 71;;;;;;;;13.555;0;
bucket 72;;;;;;;;13.560;0;
bucket 73;;;;;;;;13.565;0;
bucket 74;;;;;;;;13.570;0;
bucket 75;;;;;;;;13.575;0;
bucket 76;;;;;;;;13.580;0;
bucket 77;;;;;;;;13.585;0;
bucket 78;;;;;;;;13.590;0;
bucket 79;;;;;;;;13.595;0;
bucket 80;;;;;;;;13.600;0;
bucket 81;;;;;;;;13.605;0;
bucket 82;;;;;;;;13.610;0;
bucket 83;;;;;;;;13.615;0;
bucket 84;;;;;;;;13.620;0;
bucket 85;;;;;;;;13.625;0;
bucket 86;;;;;;;;13.630;0;
bucket 87;;;;;;;;13.635;0;
bucket 88;;;;;;;;;;
bucket 89;;;;;;;;;;
bucket 90;;;;;;;;;;
bucket 91;;;;;;;;;;
bucket 92;;;;;;;;;;
bucket 93;;;;;;;;;;
bucket 94;;;;;;;;;;
bucket 95;;;;;;;;;;
bucket 96;;;;;;;;;;
bucket 97;;;;;;;;;;
bucket 98;;;;;;;;;;
bucket 99;;;;;;;;;;
bucket 100;;;;;;;;;;
bucket 101;;;;;;;;;;
bucket 102;;;;;;;;;;
bucket 103;;;;;;;;;;
bucket 104;;;;;;;;;;
bucket 105;;;;;;;;;;
bucket 106;;;;;;;;;;
bucket 107;;;;;;;;;;
bucket 108;;;;;;;;;;
bucket 109;;;;;;;;;;
bucket 110;;;;;;;;;;
bucket 111;;;;;;;;;;
bucket 112;;;;;;;;;;
bucket 113;;;;;;;;;;
bucket 114;;;;;;;;;;
bucket 115;;;;;;;;;;
bucket 116;;;;;;;;;;
bucket 117;;;;;;;;;;
bucket 118;;;;;;;;;;
bucket 119;;;;;;;;;;
bucket 120;;;;;;;;;;
bucket 121;;;;;;;;;;
bucket 122;;;;;;;;;;
bucket 123;;;;;;;;;;
bucket 124;;;;;;;;;;
bucket 125;;;;;;;;;;
bucket 126;;;;;;;;;;
bucket 127;;;;;;;;;;
10000;;;;;;;;;;
